01/01/2016,,,-1
02/01/2016,,,-1
03/01/2016,,,-1
04/01/2016,1061.56,1073.71,1067.635
05/01/2016,1072.13,1084.56,1078.345
06/01/2016,1075.24,1087.39,1081.315
07/01/2016,1092.88,1104.75,1098.815
08/01/2016,1100.06,1112.07,1106.065
09/01/2016,,,-1
10/01/2016,,,-1
11/01/2016,1100.51,1112.75,1106.63
12/01/2016,1092.06,1103.89,1097.975
13/01/2016,1080.06,1091.93,1085.995
14/01/2016,1088.2,1100.55,1094.375
15/01/2016,1075.87,1088.28,1082.075
16/01/2016,,,-1
17/01/2016,,,-1
18/01/2016,1086.59,1098.86,1092.725
19/01/2016,1084.79,1097,1090.895
20/01/2016,1087.22,1099.56,1093.39
21/01/2016,1096.7,1108.99,1102.845
22/01/2016,1094.51,1106.99,1100.75
23/01/2016,,,-1
24/01/2016,,,-1
25/01/2016,1097.1,1109.36,1103.23
26/01/2016,,,-1
27/01/2016,1115.29,1127.72,1121.505
28/01/2016,1116.01,1128.52,1122.265
29/01/2016,1109.59,1122.01,1115.8
30/01/2016,,,-1
31/01/2016,,,-1
01/02/2016,1116.19,1128.74,1122.465
02/02/2016,1122.37,1134.66,1128.515
03/02/2016,1123.05,1135.35,1129.2
04/02/2016,1137.52,1149.96,1143.74
05/02/2016,1151.4,1163.73,1157.565
06/02/2016,,,-1
07/02/2016,,,-1
08/02/2016,1162.29,1174.74,1168.515
09/02/2016,1187.24,1199.61,1193.425
10/02/2016,1185.81,1198.17,1191.99
11/02/2016,1204.69,1217.1,1210.895
12/02/2016,1234.35,1246.8,1240.575
13/02/2016,,,-1
14/02/2016,,,-1
15/02/2016,1216.09,1228.34,1222.215
16/02/2016,1194.95,1207.11,1201.03
17/02/2016,1199.43,1211.54,1205.485
18/02/2016,1203.15,1215.44,1209.295
19/02/2016,1222.39,1234.71,1228.55
20/02/2016,,,-1
21/02/2016,,,-1
22/02/2016,1211.2,1223.53,1217.365
23/02/2016,1212.71,1225.1,1218.905
24/02/2016,1223.31,1235.56,1229.435
25/02/2016,1229.97,1242.36,1236.165
26/02/2016,1232.09,1244.31,1238.2
27/02/2016,,,-1
28/02/2016,,,-1
29/02/2016,1221.6,1233.93,1227.765
01/03/2016,1238.11,1250.33,1244.22
02/03/2016,1224.05,1236.36,1230.205
03/03/2016,1235.45,1247.65,1241.55
04/03/2016,1258.32,1270.64,1264.48
05/03/2016,,,-1
06/03/2016,,,-1
07/03/2016,,,-1
08/03/2016,1266.1,1278.49,1272.295
09/03/2016,1253.45,1265.79,1259.62
10/03/2016,1244.86,1257.12,1250.99
11/03/2016,1268.25,1280.66,1274.455
12/03/2016,,,-1
13/03/2016,,,-1
14/03/2016,1249.83,1262.14,1255.985
15/03/2016,1226.23,1238.51,1232.37
16/03/2016,1227.93,1240.27,1234.1
17/03/2016,1254.28,1266.55,1260.415
18/03/2016,1257.27,1269.54,1263.405
19/03/2016,,,-1
20/03/2016,,,-1
21/03/2016,1244.63,1256.82,1250.725
22/03/2016,1245.9,1258.13,1252.015
23/03/2016,1235.58,1247.89,1241.735
24/03/2016,1214.12,1226.49,1220.305
25/03/2016,,,-1
26/03/2016,,,-1
27/03/2016,,,-1
28/03/2016,,,-1
29/03/2016,1214.55,1226.89,1220.72
30/03/2016,1234.87,1247.24,1241.055
31/03/2016,1224.79,1237.09,1230.94
01/04/2016,1227.8,1240.19,1233.995
02/04/2016,,,-1
03/04/2016,,,-1
04/04/2016,1213.57,1225.9,1219.735
05/04/2016,1221.41,1233.8,1227.605
06/04/2016,1224.48,1236.82,1230.65
07/04/2016,1222.15,1234.52,1228.335
08/04/2016,1231.88,1244.24,1238.06
09/04/2016,,,-1
10/04/2016,,,-1
11/04/2016,1244.87,1257.36,1251.115
12/04/2016,1252.44,1264.76,1258.6
13/04/2016,1246.79,1259.17,1252.98
14/04/2016,1230.47,1242.86,1236.665
15/04/2016,1224.38,1236.67,1230.525
16/04/2016,,,-1
17/04/2016,,,-1
18/04/2016,1231.22,1243.48,1237.35
19/04/2016,1229.72,1241.87,1235.795
20/04/2016,1245.86,1258.23,1252.045
21/04/2016,1247.2,1259.49,1253.345
22/04/2016,1243.58,1255.9,1249.74
23/04/2016,,,-1
24/04/2016,,,-1
25/04/2016,,,-1
26/04/2016,1232.1,1244.46,1238.28
27/04/2016,1240.93,1253.25,1247.09
28/04/2016,1243.15,1255.38,1249.265
29/04/2016,1268.98,1281.28,1275.13
30/04/2016,,,-1
01/05/2016,,,-1
02/05/2016,1289.99,1302.37,1296.18
03/05/2016,1289.91,1302.16,1296.035
04/05/2016,1277.99,1290.2,1284.095
05/05/2016,1275.16,1287.66,1281.41
06/05/2016,1273.83,1286.16,1279.995
07/05/2016,,,-1
08/05/2016,,,-1
09/05/2016,1278.73,1291,1284.865
10/05/2016,1260.2,1272.6,1266.4
11/05/2016,1265.88,1278.25,1272.065
12/05/2016,1269.09,1281.42,1275.255
13/05/2016,1266.14,1278.47,1272.305
14/05/2016,,,-1
15/05/2016,,,-1
16/05/2016,1273.94,1286.24,1280.09
17/05/2016,1271.52,1283.84,1277.68
18/05/2016,1270.38,1282.69,1276.535
19/05/2016,1252.7,1264.98,1258.84
20/05/2016,1251.09,1263.43,1257.26
21/05/2016,,,-1
22/05/2016,,,-1
23/05/2016,1248.83,1261.2,1255.015
24/05/2016,1241.61,1253.94,1247.775
25/05/2016,1221.69,1233.99,1227.84
26/05/2016,1225.06,1237.55,1231.305
27/05/2016,1214.63,1226.79,1220.71
28/05/2016,,,-1
29/05/2016,,,-1
30/05/2016,1199.39,1211.38,1205.385
31/05/2016,1207.66,1219.81,1213.735
01/06/2016,1212.19,1224.56,1218.375
02/06/2016,1209.81,1221.99,1215.9
03/06/2016,1206.14,1218.48,1212.31
04/06/2016,,,-1
05/06/2016,,,-1
06/06/2016,,,-1
07/06/2016,1239.41,1251.72,1245.565
08/06/2016,1244.13,1256.39,1250.26
09/06/2016,1257.2,1269.57,1263.385
10/06/2016,1262.7,1275.07,1268.885
11/06/2016,,,-1
12/06/2016,,,-1
13/06/2016,1274.7,1286.99,1280.845
14/06/2016,1276.17,1288.52,1282.345
15/06/2016,1279.53,1291.84,1285.685
16/06/2016,1299.31,1311.51,1305.41
17/06/2016,1278.56,1290.87,1284.715
18/06/2016,,,-1
19/06/2016,,,-1
20/06/2016,1280.66,1292.86,1286.76
21/06/2016,1282,1294.42,1288.21
22/06/2016,1263.21,1275.37,1269.29
23/06/2016,1261.14,1273.09,1267.115
24/06/2016,1301.23,1313.38,1307.305
25/06/2016,,,-1
26/06/2016,,,-1
27/06/2016,1323.76,1336,1329.88
28/06/2016,1313.94,1326.19,1320.065
29/06/2016,1315.11,1327.08,1321.095
30/06/2016,1311.64,1323.9,1317.77
01/07/2016,1325.67,1337.98,1331.825
02/07/2016,,,-1
03/07/2016,,,-1
04/07/2016,1343.78,1355.92,1349.85
05/07/2016,1340.87,1353.19,1347.03
06/07/2016,1363.39,1375.49,1369.44
07/07/2016,1363.19,1375.52,1369.355
08/07/2016,1353.3,1365.45,1359.375
09/07/2016,,,-1
10/07/2016,,,-1
11/07/2016,1360.99,1373.24,1367.115
12/07/2016,1351.06,1363.23,1357.145
13/07/2016,1333.35,1345.31,1339.33
14/07/2016,1332.65,1344.96,1338.805
15/07/2016,1327.08,1339.37,1333.225
16/07/2016,,,-1
17/07/2016,,,-1
18/07/2016,1324.5,1336.63,1330.565
19/07/2016,1325.63,1337.72,1331.675
20/07/2016,1325.6,1337.82,1331.71
21/07/2016,1312.19,1324.19,1318.19
22/07/2016,1324.65,1336.5,1330.575
23/07/2016,,,-1
24/07/2016,,,-1
25/07/2016,1313.08,1325.15,1319.115
26/07/2016,1314.51,1326.54,1320.525
27/07/2016,1314.28,1326.57,1320.425
28/07/2016,1335.47,1347.63,1341.55
29/07/2016,1332.15,1344.25,1338.2
30/07/2016,,,-1
31/07/2016,,,-1
01/08/2016,1344.56,1356.5,1350.53
02/08/2016,1348.61,1360.74,1354.675
03/08/2016,1359.7,1371.83,1365.765
04/08/2016,1349.03,1361.16,1355.095
05/08/2016,1358.14,1369.91,1364.025
06/08/2016,,,-1
07/08/2016,,,-1
08/08/2016,1330.76,1342.88,1336.82
09/08/2016,1329.49,1341.55,1335.52
10/08/2016,1346.07,1358.25,1352.16
11/08/2016,1339.97,1352.16,1346.065
12/08/2016,1334.17,1346.43,1340.3
13/08/2016,,,-1
14/08/2016,,,-1
15/08/2016,1335.03,1347.03,1341.03
16/08/2016,1341.27,1353.26,1347.265
17/08/2016,1340.48,1352.63,1346.555
18/08/2016,1348.58,1360.63,1354.605
19/08/2016,1343.62,1355.64,1349.63
20/08/2016,,,-1
21/08/2016,,,-1
22/08/2016,1330.3,1342.24,1336.27
23/08/2016,1334.32,1346.27,1340.295
24/08/2016,1333.16,1345.26,1339.21
25/08/2016,1321.57,1333.71,1327.64
26/08/2016,1319.85,1331.89,1325.87
27/08/2016,,,-1
28/08/2016,,,-1
29/08/2016,1313.68,1326,1319.84
30/08/2016,1318.39,1330.48,1324.435
31/08/2016,1309.38,1321.41,1315.395
01/09/2016,1305.06,1317.2,1311.13
02/09/2016,1308.71,1321.1,1314.905
03/09/2016,,,-1
04/09/2016,,,-1
05/09/2016,1320.54,1332.64,1326.59
06/09/2016,1322.6,1334.73,1328.665
07/09/2016,1346.43,1358.39,1352.41
08/09/2016,1342.44,1354.64,1348.54
09/09/2016,1333.2,1345.24,1339.22
10/09/2016,,,-1
11/09/2016,,,-1
12/09/2016,1324.04,1336.12,1330.08
13/09/2016,1325.29,1337.42,1331.355
14/09/2016,1315.95,1328.09,1322.02
15/09/2016,1318.1,1330.15,1324.125
16/09/2016,1310.82,1322.75,1316.785
17/09/2016,,,-1
18/09/2016,,,-1
19/09/2016,1310.7,1322.71,1316.705
20/09/2016,1311.03,1322.98,1317.005
21/09/2016,1312.78,1324.86,1318.82
22/09/2016,1329.21,1341.16,1335.185
23/09/2016,1331.43,1343.32,1337.375
24/09/2016,,,-1
25/09/2016,,,-1
26/09/2016,,,-1
27/09/2016,1331.92,1343.95,1337.935
28/09/2016,1320.91,1332.72,1326.815
29/09/2016,1319.13,1331.21,1325.17
30/09/2016,1319.42,1331.39,1325.405
01/10/2016,,,-1
02/10/2016,,,-1
03/10/2016,1311.58,1323.7,1317.64
04/10/2016,1306.11,1318.27,1312.19
05/10/2016,1267.73,1279.78,1273.755
06/10/2016,1261.54,1273.58,1267.56
07/10/2016,1250.83,1262.81,1256.82
08/10/2016,,,-1
09/10/2016,,,-1
10/10/2016,1257.21,1269.31,1263.26
11/10/2016,1254.54,1266.66,1260.6
12/10/2016,1251.61,1263.54,1257.575
13/10/2016,1254.57,1266.6,1260.585
14/10/2016,1252.14,1264.33,1258.235
15/10/2016,,,-1
16/10/2016,,,-1
17/10/2016,1249.77,1261.84,1255.805
18/10/2016,1254.13,1266.28,1260.205
19/10/2016,1258.28,1270.3,1264.29
20/10/2016,1266.57,1278.53,1272.55
21/10/2016,1259.57,1271.51,1265.54
22/10/2016,,,-1
23/10/2016,,,-1
24/10/2016,1260.94,1272.98,1266.96
25/10/2016,1261.74,1273.8,1267.77
26/10/2016,1270.74,1282.8,1276.77
27/10/2016,1262.97,1274.98,1268.975
28/10/2016,1265.52,1277.57,1271.545
29/10/2016,,,-1
30/10/2016,,,-1
31/10/2016,1272.46,1284.62,1278.54
01/11/2016,1273.63,1285.77,1279.7
02/11/2016,1287.72,1299.64,1293.68
03/11/2016,1296.24,1308.3,1302.27
04/11/2016,1295.85,1307.88,1301.865
05/11/2016,,,-1
06/11/2016,,,-1
07/11/2016,1286.08,1298.01,1292.045
08/11/2016,1279.28,1291.14,1285.21
09/11/2016,1303.9,1315.99,1309.945
10/11/2016,1279.8,1291.55,1285.675
11/11/2016,1254.76,1266.87,1260.815
12/11/2016,,,-1
13/11/2016,,,-1
14/11/2016,1215.23,1227.34,1221.285
15/11/2016,1221.71,1233.53,1227.62
16/11/2016,1224.99,1236.97,1230.98
17/11/2016,1222.86,1234.86,1228.86
18/11/2016,1206.41,1218.36,1212.385
19/11/2016,,,-1
20/11/2016,,,-1
21/11/2016,1209.43,1215.05,1212.24
22/11/2016,1215.18,1220.87,1218.025
23/11/2016,1210.72,1216.3,1213.51
24/11/2016,1182.79,1188.23,1185.51
25/11/2016,1178.2,1183.6,1180.9
26/11/2016,,,-1
27/11/2016,,,-1
28/11/2016,1190.77,1196.21,1193.49
29/11/2016,1189.32,1194.82,1192.07
30/11/2016,1187.43,1192.94,1190.185
01/12/2016,1168.93,1174.36,1171.645
02/12/2016,1171.65,1177.19,1174.42
03/12/2016,,,-1
04/12/2016,,,-1
05/12/2016,1173.18,1178.65,1175.915
06/12/2016,1169.59,1175.06,1172.325
07/12/2016,1166.09,1171.69,1168.89
08/12/2016,1173.73,1179.24,1176.485
09/12/2016,1165.55,1170.93,1168.24
10/12/2016,,,-1
11/12/2016,,,-1
12/12/2016,1153.87,1159.51,1156.69
13/12/2016,1159.36,1164.82,1162.09
14/12/2016,1157.95,1163.54,1160.745
15/12/2016,1138.12,1143.44,1140.78
16/12/2016,1127.88,1133.44,1130.66
17/12/2016,,,-1
18/12/2016,,,-1
19/12/2016,1136.07,1141.62,1138.845
20/12/2016,1134.36,1139.93,1137.145
21/12/2016,1132.06,1137.44,1134.75
22/12/2016,1128.49,1134.02,1131.255
23/12/2016,1127.93,1133.48,1130.705
24/12/2016,,,-1
25/12/2016,,,-1
26/12/2016,,,-1
27/12/2016,,,-1
28/12/2016,1139.08,1144.47,1141.775
29/12/2016,1144.99,1150.7,1147.845
30/12/2016,1157.55,1163.22,1160.385
31/12/2016,,,-1
01/01/2017,,,-1
02/01/2017,,,-1
03/01/2017,1151.76,1157.25,1154.505
04/01/2017,1157.14,1162.6,1159.87
05/01/2017,1170.32,1175.75,1173.035
06/01/2017,1175,1180.47,1177.735
07/01/2017,,,-1
08/01/2017,,,-1
09/01/2017,1172.23,1177.81,1175.02
10/01/2017,1181.61,1186.84,1184.225
11/01/2017,1185.46,1190.87,1188.165
12/01/2017,1195.07,1200.63,1197.85
13/01/2017,1191.44,1197.03,1194.235
14/01/2017,,,-1
15/01/2017,,,-1
16/01/2017,1200.36,1206.14,1203.25
17/01/2017,1205.35,1210.9,1208.125
18/01/2017,1211.06,1216.42,1213.74
19/01/2017,1199.32,1204.71,1202.015
20/01/2017,1203.53,1209.01,1206.27
21/01/2017,,,-1
22/01/2017,,,-1
23/01/2017,1213.21,1218.65,1215.93
24/01/2017,1213.33,1219.01,1216.17
25/01/2017,1203.72,1209.22,1206.47
26/01/2017,,,-1
27/01/2017,1182.53,1188.06,1185.295
28/01/2017,,,-1
29/01/2017,,,-1
30/01/2017,1190.43,1195.97,1193.2
31/01/2017,1196.24,1201.74,1198.99
01/02/2017,1207.12,1212.69,1209.905
02/02/2017,1211.26,1216.75,1214.005
03/02/2017,1211.06,1216.61,1213.835
04/02/2017,,,-1
05/02/2017,,,-1
06/02/2017,1220.55,1225.91,1223.23
07/02/2017,1230.09,1235.61,1232.85
08/02/2017,1230.88,1236.5,1233.69
09/02/2017,1237.86,1243.45,1240.655
10/02/2017,1221.84,1227.42,1224.63
11/02/2017,,,-1
12/02/2017,,,-1
13/02/2017,1227.53,1233.05,1230.29
14/02/2017,1224.78,1230.1,1227.44
15/02/2017,1223.54,1229.18,1226.36
16/02/2017,1231.52,1236.97,1234.245
17/02/2017,1235.19,1240.8,1237.995
18/02/2017,,,-1
19/02/2017,,,-1
20/02/2017,1231.94,1237.42,1234.68
21/02/2017,1231.7,1237.24,1234.47
22/02/2017,1233.29,1238.75,1236.02
23/02/2017,1234.18,1239.78,1236.98
24/02/2017,1247.63,1253.46,1250.545
25/02/2017,,,-1
26/02/2017,,,-1
27/02/2017,1253.77,1259.23,1256.5
28/02/2017,1250.26,1256.03,1253.145
01/03/2017,1241.94,1247.48,1244.71
02/03/2017,1243.59,1249.21,1246.4
03/03/2017,1229.54,1235.13,1232.335
04/03/2017,,,-1
05/03/2017,,,-1
06/03/2017,1231.23,1236.8,1234.015
07/03/2017,1222.84,1228.43,1225.635
08/03/2017,1213.64,1219.21,1216.425
09/03/2017,1203.64,1209.17,1206.405
10/03/2017,1195.68,1201.33,1198.505
11/03/2017,,,-1
12/03/2017,,,-1
13/03/2017,1204.4,1209.9,1207.15
14/03/2017,1200.3,1205.83,1203.065
15/03/2017,1199.34,1205.08,1202.21
16/03/2017,1221.36,1226.82,1224.09
17/03/2017,1224.01,1229.55,1226.78
18/03/2017,,,-1
19/03/2017,,,-1
20/03/2017,1230.35,1235.92,1233.135
21/03/2017,1227.76,1233.37,1230.565
22/03/2017,1243.28,1248.62,1245.95
23/03/2017,1243.84,1249.46,1246.65
24/03/2017,1240.82,1246.72,1243.77
25/03/2017,,,-1
26/03/2017,,,-1
27/03/2017,1253.1,1258.54,1255.82
28/03/2017,1250.95,1256.61,1253.78
29/03/2017,1246.95,1252.61,1249.78
30/03/2017,1247.84,1253.58,1250.71
31/03/2017,1239.83,1245.19,1242.51
01/04/2017,,,-1
02/04/2017,,,-1
03/04/2017,1245.1,1250.61,1247.855
04/04/2017,1253.79,1259.34,1256.565
05/04/2017,1252.5,1258.18,1255.34
06/04/2017,1252.23,1257.74,1254.985
07/04/2017,1259.96,1265.56,1262.76
08/04/2017,,,-1
09/04/2017,,,-1
10/04/2017,1250.95,1256.68,1253.815
11/04/2017,1253.46,1259.14,1256.3
12/04/2017,1272.95,1278.6,1275.775
13/04/2017,1283.43,1289.13,1286.28
14/04/2017,1283.72,1289.72,1286.72
15/04/2017,,,-1
16/04/2017,,,-1
17/04/2017,1287.6,1293.37,1290.485
18/04/2017,1281.03,1286.74,1283.885
19/04/2017,1283.43,1289.29,1286.36
20/04/2017,1276.68,1282.36,1279.52
21/04/2017,1277.63,1283.23,1280.43
22/04/2017,,,-1
23/04/2017,,,-1
24/04/2017,1271.18,1276.65,1273.915
25/04/2017,1271.17,1276.76,1273.965
26/04/2017,1261.08,1266.7,1263.89
27/04/2017,1263.6,1269.25,1266.425
28/04/2017,1262.35,1268.15,1265.25
29/04/2017,,,-1
30/04/2017,,,-1
01/05/2017,1261.86,1267.38,1264.62
02/05/2017,1253.84,1259.07,1256.455
03/05/2017,1252.97,1258.46,1255.715
04/05/2017,1235.73,1241.29,1238.51
05/05/2017,1227.83,1233.45,1230.64
06/05/2017,,,-1
07/05/2017,,,-1
08/05/2017,1228.49,1234.05,1231.27
09/05/2017,1224.58,1230.04,1227.31
10/05/2017,1219.86,1225.45,1222.655
11/05/2017,1217.56,1222.9,1220.23
12/05/2017,1223.85,1229.48,1226.665
13/05/2017,,,-1
14/05/2017,,,-1
15/05/2017,1227.74,1233.31,1230.525
16/05/2017,1230.81,1236.28,1233.545
17/05/2017,1240.26,1245.58,1242.92
18/05/2017,1256.78,1262.32,1259.55
19/05/2017,1247.09,1252.68,1249.885
20/05/2017,,,-1
21/05/2017,,,-1
22/05/2017,1251.76,1257.33,1254.545
23/05/2017,1259.03,1264.71,1261.87
24/05/2017,1248.81,1254.31,1251.56
25/05/2017,1255.2,1260.73,1257.965
26/05/2017,1255.33,1260.81,1258.07
27/05/2017,,,-1
28/05/2017,,,-1
29/05/2017,1264.04,1269.76,1266.9
30/05/2017,1264.83,1270.57,1267.7
31/05/2017,1258.73,1264.37,1261.55
01/06/2017,1265.53,1270.78,1268.155
02/06/2017,1259.31,1264.82,1262.065
03/06/2017,,,-1
04/06/2017,,,-1
05/06/2017,1277.75,1283.09,1280.42
06/06/2017,1282.14,1287.69,1284.915
07/06/2017,1289.85,1295.23,1292.54
08/06/2017,1283.33,1288.87,1286.1
09/06/2017,1272.51,1277.88,1275.195
10/06/2017,,,-1
11/06/2017,,,-1
12/06/2017,1265.18,1270.43,1267.805
13/06/2017,1262.48,1267.92,1265.2
14/06/2017,1265.56,1271.32,1268.44
15/06/2017,1260.87,1266.53,1263.7
16/06/2017,1250.99,1256.58,1253.785
17/06/2017,,,-1
18/06/2017,,,-1
19/06/2017,1249.77,1255.41,1252.59
20/06/2017,1242.7,1248.13,1245.415
21/06/2017,1243.08,1248.5,1245.79
22/06/2017,1249.17,1254.52,1251.845
23/06/2017,1249.99,1255.41,1252.7
24/06/2017,,,-1
25/06/2017,,,-1
26/06/2017,1249.47,1255.04,1252.255
27/06/2017,1243.4,1248.68,1246.04
28/06/2017,1248.45,1254,1251.225
29/06/2017,1247.85,1253.17,1250.51
30/06/2017,1242.9,1248.19,1245.545
01/07/2017,,,-1
02/07/2017,,,-1
03/07/2017,1235.14,1240.53,1237.835
04/07/2017,1221.07,1226.54,1223.805
05/07/2017,1223.39,1228.75,1226.07
06/07/2017,1223.17,1228.69,1225.93
07/07/2017,1219.15,1224.56,1221.855
08/07/2017,,,-1
09/07/2017,,,-1
10/07/2017,1207.39,1212.72,1210.055
11/07/2017,1209.14,1214.58,1211.86
12/07/2017,1216.08,1221.59,1218.835
13/07/2017,1219.38,1224.88,1222.13
14/07/2017,1214.59,1219.88,1217.235
15/07/2017,,,-1
16/07/2017,,,-1
17/07/2017,1228.04,1233.52,1230.78
18/07/2017,1233.97,1239.48,1236.725
19/07/2017,1237.88,1243.47,1240.675
20/07/2017,1236.6,1242.05,1239.325
21/07/2017,1242.85,1248.23,1245.54
22/07/2017,,,-1
23/07/2017,,,-1
24/07/2017,1251.7,1257.29,1254.495
25/07/2017,1251.87,1257.51,1254.69
26/07/2017,1244.49,1249.85,1247.17
27/07/2017,1260.01,1265.39,1262.7
28/07/2017,1256.67,1262.05,1259.36
29/07/2017,,,-1
30/07/2017,,,-1
31/07/2017,1265.88,1271.3,1268.59
01/08/2017,1266.41,1271.91,1269.16
02/08/2017,1264.04,1269.61,1266.825
03/08/2017,1260.03,1265.69,1262.86
04/08/2017,1266.13,1271.62,1268.875
05/08/2017,,,-1
06/08/2017,,,-1
07/08/2017,1255.23,1260.84,1258.035
08/08/2017,1257.06,1262.55,1259.805
09/08/2017,1262.7,1268.49,1265.595
10/08/2017,1274.55,1280.21,1277.38
11/08/2017,1283.77,1289.22,1286.495
12/08/2017,,,-1
13/08/2017,,,-1
14/08/2017,1283.7,1289.25,1286.475
15/08/2017,1273.65,1279.07,1276.36
16/08/2017,1269.61,1274.79,1272.2
17/08/2017,1284.26,1289.59,1286.925
18/08/2017,1287.04,1292.68,1289.86
19/08/2017,,,-1
20/08/2017,,,-1
21/08/2017,1283.71,1289.02,1286.365
22/08/2017,1285.34,1291.07,1288.205
23/08/2017,1282.48,1288,1285.24
24/08/2017,1285.88,1291.29,1288.585
25/08/2017,1283.82,1289.44,1286.63
26/08/2017,,,-1
27/08/2017,,,-1
28/08/2017,1291.86,1297.59,1294.725
29/08/2017,1315.81,1321.33,1318.57
30/08/2017,1308.3,1313.72,1311.01
31/08/2017,1302.33,1307.9,1305.115
01/09/2017,1316.86,1322.47,1319.665
02/09/2017,,,-1
03/09/2017,,,-1
04/09/2017,1332.49,1338.14,1335.315
05/09/2017,1332.15,1337.71,1334.93
06/09/2017,1336.58,1342.09,1339.335
07/09/2017,1332.55,1338.11,1335.33
08/09/2017,1348.9,1354.46,1351.68
09/09/2017,,,-1
10/09/2017,,,-1
11/09/2017,1334.76,1340.28,1337.52
12/09/2017,1323.46,1328.9,1326.18
13/09/2017,1328.68,1334.24,1331.46
14/09/2017,1318.82,1324.18,1321.5
15/09/2017,1327.28,1332.98,1330.13
16/09/2017,,,-1
17/09/2017,,,-1
18/09/2017,1314.27,1319.8,1317.035
19/09/2017,1305.14,1310.78,1307.96
20/09/2017,1309.35,1314.96,1312.155
21/09/2017,1295.55,1300.98,1298.265
22/09/2017,1293.04,1298.37,1295.705
23/09/2017,,,-1
24/09/2017,,,-1
25/09/2017,1289.88,1295.48,1292.68
26/09/2017,1307.12,1312.54,1309.83
27/09/2017,1290.72,1296.28,1293.5
28/09/2017,1279.07,1284.44,1281.755
29/09/2017,1283.33,1288.95,1286.14
30/09/2017,,,-1
01/10/2017,,,-1
02/10/2017,1272.52,1277.8,1275.16
03/10/2017,1267.45,1273,1270.225
04/10/2017,1272.44,1278.08,1275.26
05/10/2017,1272.28,1277.72,1275
06/10/2017,1265.77,1271.4,1268.585
07/10/2017,,,-1
08/10/2017,,,-1
09/10/2017,1278.06,1283.41,1280.735
10/10/2017,1283.49,1288.74,1286.115
11/10/2017,1286.32,1291.62,1288.97
12/10/2017,1291.8,1297.11,1294.455
13/10/2017,1292.6,1298.03,1295.315
14/10/2017,,,-1
15/10/2017,,,-1
16/10/2017,1300.22,1306.03,1303.125
17/10/2017,1289.96,1295.37,1292.665
18/10/2017,1282.71,1288,1285.355
19/10/2017,1277.86,1283.12,1280.49
20/10/2017,1282.3,1287.67,1284.985
21/10/2017,,,-1
22/10/2017,,,-1
23/10/2017,1273.27,1278.71,1275.99
24/10/2017,1278.79,1284.32,1281.555
25/10/2017,1271.74,1277.14,1274.44
26/10/2017,1277.19,1282.59,1279.89
27/10/2017,1264.52,1269.96,1267.24
28/10/2017,,,-1
29/10/2017,,,-1
30/10/2017,1268.19,1273.72,1270.955
31/10/2017,1273.42,1278.93,1276.175
01/11/2017,1268.71,1274.12,1271.415
02/11/2017,1275.49,1280.79,1278.14
03/11/2017,1273.91,1279.5,1276.705
04/11/2017,,,-1
05/11/2017,,,-1
06/11/2017,1267.03,1272.3,1269.665
07/11/2017,1276.64,1282.14,1279.39
08/11/2017,1275.17,1280.51,1277.84
09/11/2017,1279.76,1285.05,1282.405
10/11/2017,1282.39,1287.88,1285.135
11/11/2017,,,-1
12/11/2017,,,-1
13/11/2017,1273.7,1279.06,1276.38
14/11/2017,1273.67,1279.29,1276.48
15/11/2017,1279.33,1284.73,1282.03
16/11/2017,1275.12,1280.44,1277.78
17/11/2017,1279.14,1284.55,1281.845
18/11/2017,,,-1
19/11/2017,,,-1
20/11/2017,1289.09,1294.55,1291.82
21/11/2017,1277.14,1282.44,1279.79
22/11/2017,1279,1284.49,1281.745
23/11/2017,1287.27,1292.8,1290.035
24/11/2017,1288.68,1294.16,1291.42
25/11/2017,,,-1
26/11/2017,,,-1
27/11/2017,1286.84,1292.38,1289.61
28/11/2017,1291.15,1296.79,1293.97
29/11/2017,1292.25,1297.5,1294.875
30/11/2017,1280.95,1286.28,1283.615
01/12/2017,1273.01,1278.25,1275.63
02/12/2017,,,-1
03/12/2017,,,-1
04/12/2017,1271.9,1277.28,1274.59
05/12/2017,1273.16,1278.52,1275.84
06/12/2017,1263.82,1269.15,1266.485
07/12/2017,1259.17,1264.7,1261.935
08/12/2017,1245.7,1251.19,1248.445
09/12/2017,,,-1
10/12/2017,,,-1
11/12/2017,1246.07,1251.86,1248.965
12/12/2017,1241.42,1246.97,1244.195
13/12/2017,1240.65,1246.14,1243.395
14/12/2017,1253.77,1259.21,1256.49
15/12/2017,1252.04,1257.49,1254.765
16/12/2017,,,-1
17/12/2017,,,-1
18/12/2017,1252.67,1258.16,1255.415
19/12/2017,1259.66,1265.17,1262.415
20/12/2017,1260.77,1266.21,1263.49
21/12/2017,1263.85,1269.18,1266.515
22/12/2017,1263.87,1269.62,1266.745
23/12/2017,,,-1
24/12/2017,,,-1
25/12/2017,,,-1
26/12/2017,1275.14,1280.43,1277.785
27/12/2017,1280.16,1285.72,1282.94
28/12/2017,1287.24,1292.8,1290.02
29/12/2017,1292.56,1298.54,1295.55
30/12/2017,,,-1
31/12/2017,,,-1
01/01/2018,,,-1
02/01/2018,1304.8,1310.09,1307.445
03/01/2018,1313.06,1318.49,1315.775
04/01/2018,1307.03,1312.3,1309.665
05/01/2018,1318.21,1323.58,1320.895
06/01/2018,,,-1
07/01/2018,,,-1
08/01/2018,1316.67,1321.89,1319.28
09/01/2018,1315.71,1321.08,1318.395
10/01/2018,1308.75,1314.29,1311.52
11/01/2018,1315.47,1320.79,1318.13
12/01/2018,1323.88,1329.2,1326.54
13/01/2018,,,-1
14/01/2018,,,-1
15/01/2018,1337.93,1343.44,1340.685
16/01/2018,1337.62,1343.26,1340.44
17/01/2018,1335.06,1340.54,1337.8
18/01/2018,1324.68,1330.39,1327.535
19/01/2018,1328.4,1333.96,1331.18
20/01/2018,,,-1
21/01/2018,,,-1
22/01/2018,1329.41,1334.76,1332.085
23/01/2018,1333.11,1338.45,1335.78
24/01/2018,1339.25,1344.89,1342.07
25/01/2018,1358.07,1363.49,1360.78
26/01/2018,1348.99,1354.51,1351.75
27/01/2018,,,-1
28/01/2018,,,-1
29/01/2018,1345.9,1351.39,1348.645
30/01/2018,1335.09,1340.73,1337.91
31/01/2018,1338.02,1343.58,1340.8
01/02/2018,1340.5,1346.11,1343.305
02/02/2018,1345.39,1350.65,1348.02
03/02/2018,,,-1
04/02/2018,,,-1
05/02/2018,1329.29,1334.77,1332.03
06/02/2018,1339.06,1344.58,1341.82
07/02/2018,1325.86,1331.28,1328.57
08/02/2018,1310.99,1316.28,1313.635
09/02/2018,1315.78,1321.16,1318.47
10/02/2018,,,-1
11/02/2018,,,-1
12/02/2018,1319.13,1324.53,1321.83
13/02/2018,1322.15,1327.59,1324.87
14/02/2018,1330.6,1335.9,1333.25
15/02/2018,1351,1356.39,1353.695
16/02/2018,1353.71,1359.16,1356.435
17/02/2018,,,-1
18/02/2018,,,-1
19/02/2018,1346.16,1351.46,1348.81
20/02/2018,1338.96,1344.37,1341.665
21/02/2018,1325.23,1330.66,1327.945
22/02/2018,1321.35,1326.63,1323.99
23/02/2018,1326.36,1331.6,1328.98
24/02/2018,,,-1
25/02/2018,,,-1
26/02/2018,1332.42,1337.84,1335.13
27/02/2018,1331.24,1336.58,1333.91
28/02/2018,1315.13,1320.56,1317.845
01/03/2018,1312.41,1317.75,1315.08
02/03/2018,1314.59,1320.01,1317.3
03/03/2018,,,-1
04/03/2018,,,-1
05/03/2018,1323.56,1329.09,1326.325
06/03/2018,1319.45,1324.91,1322.18
07/03/2018,1332.37,1337.83,1335.1
08/03/2018,1324.14,1329.49,1326.815
09/03/2018,1316.11,1321.44,1318.775
10/03/2018,,,-1
11/03/2018,,,-1
12/03/2018,1320.18,1325.37,1322.775
13/03/2018,1318.88,1324.03,1321.455
14/03/2018,1324.09,1329.35,1326.72
15/03/2018,1323.14,1328.33,1325.735
16/03/2018,1314.24,1319.41,1316.825
17/03/2018,,,-1
18/03/2018,,,-1
19/03/2018,1308.76,1314.02,1311.39
20/03/2018,1313.48,1318.84,1316.16
21/03/2018,1310.8,1316.15,1313.475
22/03/2018,1328.67,1333.89,1331.28
23/03/2018,1335.27,1340.47,1337.87
24/03/2018,,,-1
25/03/2018,,,-1
26/03/2018,1344.5,1349.77,1347.135
27/03/2018,1350.48,1355.99,1353.235
28/03/2018,1341.47,1346.94,1344.205
29/03/2018,1323.5,1328.95,1326.225
30/03/2018,1321.5,1328.5,1325
31/03/2018,,,-1
01/04/2018,,,-1
02/04/2018,1327.64,1332.94,1330.29
03/04/2018,1336.84,1341.95,1339.395
04/04/2018,1333.39,1338.75,1336.07
05/04/2018,1327.01,1332.37,1329.69
06/04/2018,1325.96,1331.27,1328.615
07/04/2018,,,-1
08/04/2018,,,-1
09/04/2018,1329.02,1334.42,1331.72
10/04/2018,1332.26,1337.65,1334.955
11/04/2018,1339.45,1344.77,1342.11
12/04/2018,1347.95,1353.31,1350.63
13/04/2018,1336.42,1341.91,1339.165
14/04/2018,,,-1
15/04/2018,,,-1
16/04/2018,1342.68,1348.35,1345.515
17/04/2018,1343.57,1348.87,1346.22
18/04/2018,1342.13,1347.36,1344.745
19/04/2018,1348.43,1354.01,1351.22
20/04/2018,1340.24,1345.67,1342.955
21/04/2018,,,-1
22/04/2018,,,-1
23/04/2018,1330.57,1335.95,1333.26
24/04/2018,1323.25,1328.77,1326.01
25/04/2018,1325.11,1330.61,1327.86
26/04/2018,1320.8,1326.24,1323.52
27/04/2018,1314.72,1319.97,1317.345
28/04/2018,,,-1
29/04/2018,,,-1
30/04/2018,1318.39,1323.89,1321.14
01/05/2018,1309.87,1315.25,1312.56
02/05/2018,1305.92,1311.4,1308.66
03/05/2018,1306,1311.37,1308.685
04/05/2018,1309.37,1314.55,1311.96
05/05/2018,,,-1
06/05/2018,,,-1
07/05/2018,1313.13,1318.47,1315.8
08/05/2018,1310.85,1316.09,1313.47
09/05/2018,1307.9,1313.17,1310.535
10/05/2018,1310.78,1316.01,1313.395
11/05/2018,1317.99,1323.3,1320.645
12/05/2018,,,-1
13/05/2018,,,-1
14/05/2018,1318,1323.3,1320.65
15/05/2018,1310.11,1315.41,1312.76
16/05/2018,1291.01,1296.25,1293.63
17/05/2018,1288.65,1293.99,1291.32
18/05/2018,1286.91,1292.09,1289.5
19/05/2018,,,-1
20/05/2018,,,-1
21/05/2018,1284.75,1290.07,1287.41
22/05/2018,1288.76,1294.01,1291.385
23/05/2018,1289.83,1295.08,1292.455
24/05/2018,1292.57,1297.92,1295.245
25/05/2018,1300.64,1305.96,1303.3
26/05/2018,,,-1
27/05/2018,,,-1
28/05/2018,1295.62,1300.76,1298.19
29/05/2018,1296.01,1301.33,1298.67
30/05/2018,1296.99,1302.36,1299.675
31/05/2018,1300.61,1306.1,1303.355
01/06/2018,1296.44,1302,1299.22
02/06/2018,,,-1
03/06/2018,,,-1
04/06/2018,1290.03,1295.35,1292.69
05/06/2018,1289.43,1294.82,1292.125
06/06/2018,1294.86,1300.23,1297.545
07/06/2018,1294.63,1300.11,1297.37
08/06/2018,1294.18,1299.75,1296.965
09/06/2018,,,-1
10/06/2018,,,-1
11/06/2018,1295.85,1301.16,1298.505
12/06/2018,1295.39,1300.71,1298.05
13/06/2018,1292.45,1297.77,1295.11
14/06/2018,1297.47,1302.91,1300.19
15/06/2018,1298.56,1303.96,1301.26
16/06/2018,,,-1
17/06/2018,,,-1
18/06/2018,1277.93,1283.23,1280.58
19/06/2018,1279.22,1284.59,1281.905
20/06/2018,1271.3,1276.93,1274.115
21/06/2018,1263.54,1269.09,1266.315
22/06/2018,1265.77,1271.14,1268.455
23/06/2018,,,-1
24/06/2018,,,-1
25/06/2018,1265.93,1271.23,1268.58
26/06/2018,1261.25,1267,1264.125
27/06/2018,1254.14,1259.61,1256.875
28/06/2018,1249.38,1254.74,1252.06
29/06/2018,1246.94,1252.29,1249.615
30/06/2018,,,-1
01/07/2018,,,-1
02/07/2018,1247.8,1253.44,1250.62
03/07/2018,1238.72,1244,1241.36
04/07/2018,1254.78,1260.26,1257.52
05/07/2018,1253,1258.38,1255.69
06/07/2018,1252.87,1258.39,1255.63
07/07/2018,,,-1
08/07/2018,,,-1
09/07/2018,1256.15,1261.62,1258.885
10/07/2018,1255.26,1260.62,1257.94
11/07/2018,1249.58,1255.14,1252.36
12/07/2018,1240.94,1246.49,1243.715
13/07/2018,1242.5,1248.06,1245.28
14/07/2018,,,-1
15/07/2018,,,-1
16/07/2018,1240.54,1246.02,1243.28
17/07/2018,1238.88,1244.31,1241.595
18/07/2018,1223.8,1229.04,1226.42
19/07/2018,1221.46,1227.03,1224.245
20/07/2018,1218.49,1223.71,1221.1
21/07/2018,,,-1
22/07/2018,,,-1
23/07/2018,1228.87,1234.46,1231.665
24/07/2018,1219.94,1225.43,1222.685
25/07/2018,1223.08,1228.42,1225.75
26/07/2018,1228.47,1233.71,1231.09
27/07/2018,1220.79,1226.07,1223.43
28/07/2018,,,-1
29/07/2018,,,-1
30/07/2018,1218.61,1224,1221.305
31/07/2018,1218.77,1224.26,1221.515
01/08/2018,1219.65,1224.96,1222.305
02/08/2018,1215.97,1221.34,1218.655
03/08/2018,1204.9,1210.34,1207.62
04/08/2018,,,-1
05/08/2018,,,-1
06/08/2018,1211.97,1217.43,1214.7
07/08/2018,1208.08,1213.27,1210.675
08/08/2018,1210.33,1215.69,1213.01
09/08/2018,1211.22,1216.63,1213.925
10/08/2018,1208.29,1213.59,1210.94
11/08/2018,,,-1
12/08/2018,,,-1
13/08/2018,1205.87,1211.19,1208.53
14/08/2018,1191.98,1197.21,1194.595
15/08/2018,1186.73,1192.19,1189.46
16/08/2018,1169.47,1174.69,1172.08
17/08/2018,1173.43,1179.01,1176.22
18/08/2018,,,-1
19/08/2018,,,-1
20/08/2018,1182.96,1188.35,1185.655
21/08/2018,1191.29,1196.41,1193.85
22/08/2018,1192.76,1198.12,1195.44
23/08/2018,1189.32,1194.56,1191.94
24/08/2018,1184.57,1190.02,1187.295
25/08/2018,,,-1
26/08/2018,,,-1
27/08/2018,1203.26,1208.79,1206.025
28/08/2018,1207.56,1213.13,1210.345
29/08/2018,1200.36,1206.05,1203.205
30/08/2018,1201.7,1207,1204.35
31/08/2018,1200.48,1205.88,1203.18
01/09/2018,,,-1
02/09/2018,,,-1
03/09/2018,1197.37,1202.82,1200.095
04/09/2018,1196.37,1201.8,1199.085
05/09/2018,1190.5,1196.17,1193.335
06/09/2018,1196.31,1201.8,1199.055
07/09/2018,1198.6,1203.91,1201.255
08/09/2018,,,-1
09/09/2018,,,-1
10/09/2018,1191.76,1197.18,1194.47
11/09/2018,1192.19,1197.56,1194.875
12/09/2018,1192.54,1198.02,1195.28
13/09/2018,1202.69,1208.2,1205.445
14/09/2018,1202.1,1207.52,1204.81
15/09/2018,,,-1
16/09/2018,,,-1
17/09/2018,1192.7,1198,1195.35
18/09/2018,1195.93,1201.42,1198.675
19/09/2018,1198.5,1204.02,1201.26
20/09/2018,1201.37,1206.69,1204.03
21/09/2018,1205.91,1211.43,1208.67
22/09/2018,,,-1
23/09/2018,,,-1
24/09/2018,,,-1
25/09/2018,1196.47,1201.66,1199.065
26/09/2018,1198.29,1203.72,1201.005
27/09/2018,1194.01,1199.44,1196.725
28/09/2018,1181.16,1186.51,1183.835
29/09/2018,,,-1
30/09/2018,,,-1
01/10/2018,1185.72,1191.18,1188.45
02/10/2018,1188.92,1194.22,1191.57
03/10/2018,1202.93,1208.22,1205.575
04/10/2018,1195.35,1200.89,1198.12
05/10/2018,1196.33,1201.8,1199.065
06/10/2018,,,-1
07/10/2018,,,-1
08/10/2018,1195.25,1200.68,1197.965
09/10/2018,1187.25,1192.9,1190.075
10/10/2018,1186.54,1192.06,1189.3
11/10/2018,1191.62,1196.98,1194.3
12/10/2018,1217.22,1222.46,1219.84
13/10/2018,,,-1
14/10/2018,,,-1
15/10/2018,1220.15,1225.76,1222.955
16/10/2018,1224.51,1230,1227.255
17/10/2018,1221.09,1226.27,1223.68
18/10/2018,1220.02,1225.49,1222.755
19/10/2018,1224.46,1229.89,1227.175
20/10/2018,,,-1
21/10/2018,,,-1
22/10/2018,1224.13,1229.53,1226.83
23/10/2018,1223.07,1228.75,1225.91
24/10/2018,1229.35,1234.52,1231.935
25/10/2018,1232.87,1238.12,1235.495
26/10/2018,1230.12,1235.54,1232.83
27/10/2018,,,-1
28/10/2018,,,-1
29/10/2018,1229.91,1235.23,1232.57
30/10/2018,1224.62,1229.87,1227.245
31/10/2018,1216.45,1221.87,1219.16
01/11/2018,1216.24,1221.64,1218.94
02/11/2018,1230.45,1235.72,1233.085
03/11/2018,,,-1
04/11/2018,,,-1
05/11/2018,1229.63,1235.58,1232.605
06/11/2018,1228.22,1233.59,1230.905
07/11/2018,1225.36,1230.7,1228.03
08/11/2018,1222.2,1227.73,1224.965
09/11/2018,1218.04,1223.46,1220.75
10/11/2018,,,-1
11/11/2018,,,-1
12/11/2018,1206.41,1211.86,1209.135
13/11/2018,1200.67,1205.95,1203.31
14/11/2018,1199.99,1205.42,1202.705
15/11/2018,1208.3,1214.11,1211.205
16/11/2018,1212.21,1217.61,1214.91
17/11/2018,,,-1
18/11/2018,,,-1
19/11/2018,1218.09,1223.48,1220.785
20/11/2018,1220.65,1225.9,1223.275
21/11/2018,1219.02,1224.55,1221.785
22/11/2018,1224.11,1229.48,1226.795
23/11/2018,1224.03,1229.47,1226.75
24/11/2018,,,-1
25/11/2018,,,-1
26/11/2018,1221.74,1227.61,1224.675
27/11/2018,1219.04,1224.59,1221.815
28/11/2018,1211.55,1217.12,1214.335
29/11/2018,1221.06,1226.52,1223.79
30/11/2018,1221.73,1227.3,1224.515
01/12/2018,,,-1
02/12/2018,,,-1
03/12/2018,1223.44,1228.63,1226.035
04/12/2018,1231.79,1237.25,1234.52
05/12/2018,1233.26,1238.9,1236.08
06/12/2018,1235.74,1241.14,1238.44
07/12/2018,1236.38,1242.12,1239.25
08/12/2018,,,-1
09/12/2018,,,-1
10/12/2018,1245.78,1251.51,1248.645
11/12/2018,1243.2,1248.83,1246.015
12/12/2018,1241.32,1246.69,1244.005
13/12/2018,1242.66,1248.19,1245.425
14/12/2018,1238.47,1244.07,1241.27
15/12/2018,,,-1
16/12/2018,,,-1
17/12/2018,1234.98,1240.33,1237.655
18/12/2018,1244.58,1250.06,1247.32
19/12/2018,1247.39,1252.87,1250.13
20/12/2018,1242.83,1248.21,1245.52
21/12/2018,1257.57,1263.53,1260.55
22/12/2018,,,-1
23/12/2018,,,-1
24/12/2018,1259.92,1265.16,1262.54
25/12/2018,1265.99,1272.27,1269.13
26/12/2018,1268.81,1274.54,1271.675
27/12/2018,1266.71,1272.28,1269.495
28/12/2018,1275.06,1280.54,1277.8
29/12/2018,,,-1
30/12/2018,,,-1
31/12/2018,1276.47,1281.99,1279.23
01/01/2019,1279.67,1285.56,1282.615
02/01/2019,1280.56,1286.13,1283.345
03/01/2019,1285.74,1291.25,1288.495
04/01/2019,1292.75,1298.14,1295.445
05/01/2019,,,-1
06/01/2019,,,-1
07/01/2019,1286.23,1291.71,1288.97
08/01/2019,1282.54,1288.06,1285.3
09/01/2019,1281.2,1286.7,1283.95
10/01/2019,1292.01,1297.25,1294.63
11/01/2019,1288.47,1293.83,1291.15
12/01/2019,,,-1
13/01/2019,,,-1
14/01/2019,1288.64,1293.89,1291.265
15/01/2019,1288.55,1294.04,1291.295
16/01/2019,1287.53,1292.83,1290.18
17/01/2019,1290.44,1295.93,1293.185
18/01/2019,1288.57,1294.01,1291.29
19/01/2019,,,-1
20/01/2019,,,-1
21/01/2019,1279.36,1284.97,1282.165
22/01/2019,1277.17,1282.62,1279.895
23/01/2019,1281.96,1287.24,1284.6
24/01/2019,1279.56,1285.11,1282.335
25/01/2019,1279.48,1284.86,1282.17
26/01/2019,,,-1
27/01/2019,,,-1
28/01/2019,1300.64,1305.8,1303.22
29/01/2019,1302.18,1307.48,1304.83
30/01/2019,1310.63,1316.24,1313.435
31/01/2019,1316.85,1322.16,1319.505
01/02/2019,1316.25,1322.04,1319.145
02/02/2019,,,-1
03/02/2019,,,-1
04/02/2019,1311.44,1316.75,1314.095
05/02/2019,1310.73,1316.34,1313.535
06/02/2019,1311.73,1317.3,1314.515
07/02/2019,1302.13,1307.57,1304.85
08/02/2019,1306.89,1312.51,1309.7
09/02/2019,,,-1
10/02/2019,,,-1
11/02/2019,1309.27,1314.6,1311.935
12/02/2019,1306.34,1311.78,1309.06
13/02/2019,1309.49,1314.78,1312.135
14/02/2019,1305.36,1310.82,1308.09
15/02/2019,1310.34,1315.64,1312.99
16/02/2019,,,-1
17/02/2019,,,-1
18/02/2019,1320.54,1325.82,1323.18
19/02/2019,1322.52,1328.07,1325.295
20/02/2019,1339.88,1345.32,1342.6
21/02/2019,1336.45,1341.85,1339.15
22/02/2019,1322.92,1328.25,1325.585
23/02/2019,,,-1
24/02/2019,,,-1
25/02/2019,1327.59,1332.99,1330.29
26/02/2019,1325.19,1330.61,1327.9
27/02/2019,1325.35,1330.87,1328.11
28/02/2019,1317.47,1322.72,1320.095
01/03/2019,1309.71,1315.03,1312.37
02/03/2019,,,-1
03/03/2019,,,-1
04/03/2019,1291.58,1297.02,1294.3
05/03/2019,1284.61,1289.98,1287.295
06/03/2019,1285.5,1290.86,1288.18
07/03/2019,1283.29,1288.65,1285.97
08/03/2019,1286.55,1292.03,1289.29
09/03/2019,,,-1
10/03/2019,,,-1
11/03/2019,1294.41,1299.9,1297.155
12/03/2019,1292.66,1298.05,1295.355
13/03/2019,1301.62,1307.04,1304.33
14/03/2019,1302.62,1308.01,1305.315
15/03/2019,1295.77,1301.31,1298.54
16/03/2019,,,-1
17/03/2019,,,-1
18/03/2019,1298.15,1303.55,1300.85
19/03/2019,1303.02,1308.45,1305.735
20/03/2019,1302.27,1307.71,1304.99
21/03/2019,1314.95,1320.31,1317.63
22/03/2019,1307.14,1312.59,1309.865
23/03/2019,,,-1
24/03/2019,,,-1
25/03/2019,1312.46,1317.96,1315.21
26/03/2019,1316.93,1322.35,1319.64
27/03/2019,1313.74,1319.24,1316.49
28/03/2019,1307.11,1312.57,1309.84
29/03/2019,1287.45,1292.76,1290.105
30/03/2019,,,-1
31/03/2019,,,-1
01/04/2019,1289.11,1294.56,1291.835
02/04/2019,1284.68,1290.14,1287.41
03/04/2019,1289.71,1295.02,1292.365
04/04/2019,1289.2,1294.66,1291.93
05/04/2019,1287.34,1292.85,1290.095
06/04/2019,,,-1
07/04/2019,,,-1
08/04/2019,1293.13,1298.65,1295.89
09/04/2019,1296.59,1301.9,1299.245
10/04/2019,1300.82,1306.21,1303.515
11/04/2019,1304.26,1309.57,1306.915
12/04/2019,1290.26,1295.72,1292.99
13/04/2019,,,-1
14/04/2019,,,-1
15/04/2019,1285.63,1291.11,1288.37
16/04/2019,1283.39,1288.75,1286.07
17/04/2019,1274.76,1280.12,1277.44
18/04/2019,1270.76,1276.19,1273.475
19/04/2019,1272.51,1278.28,1275.395
20/04/2019,,,-1
21/04/2019,,,-1
22/04/2019,1276,1281,1278.5
23/04/2019,1271.77,1277.1,1274.435
24/04/2019,1268.07,1273.6,1270.835
25/04/2019,1273.32,1278.61,1275.965
26/04/2019,1277.37,1282.92,1280.145
27/04/2019,,,-1
28/04/2019,,,-1
29/04/2019,1282,1287.38,1284.69
30/04/2019,1279.58,1285.24,1282.41
01/05/2019,1278.24,1283.8,1281.02
02/05/2019,1271.61,1276.97,1274.29
03/05/2019,1268.66,1273.98,1271.32
04/05/2019,,,-1
05/05/2019,,,-1
06/05/2019,1280.08,1285.74,1282.91
07/05/2019,1279.57,1285.15,1282.36
08/05/2019,1283.72,1289.02,1286.37
09/05/2019,1279.69,1285.09,1282.39
10/05/2019,1282.19,1287.53,1284.86
11/05/2019,,,-1
12/05/2019,,,-1
13/05/2019,1281.97,1287.36,1284.665
14/05/2019,1296.99,1302.32,1299.655
15/05/2019,1293.75,1299.03,1296.39
16/05/2019,1293.74,1299.18,1296.46
17/05/2019,1283.87,1289.18,1286.525
18/05/2019,,,-1
19/05/2019,,,-1
20/05/2019,1273.95,1279.24,1276.595
21/05/2019,1273.25,1278.76,1276.005
22/05/2019,1271.3,1276.58,1273.94
23/05/2019,1271.31,1276.92,1274.115
24/05/2019,1280.72,1286.16,1283.44
25/05/2019,,,-1
26/05/2019,,,-1
27/05/2019,1283.52,1288.89,1286.205
28/05/2019,1280.99,1286.6,1283.795
29/05/2019,1279.2,1284.62,1281.91
30/05/2019,1275.62,1280.98,1278.3
31/05/2019,1289.62,1294.86,1292.24
01/06/2019,,,-1
02/06/2019,,,-1
03/06/2019,1309.19,1314.79,1311.99
04/06/2019,1322.48,1327.86,1325.17
05/06/2019,1326.35,1331.69,1329.02
06/06/2019,1328.93,1334.26,1331.595
07/06/2019,1330.98,1336.24,1333.61
08/06/2019,,,-1
09/06/2019,,,-1
10/06/2019,1326.69,1332.09,1329.39
11/06/2019,1324.79,1330.25,1327.52
12/06/2019,1329.44,1334.79,1332.115
13/06/2019,1332.37,1337.74,1335.055
14/06/2019,1346.02,1351.46,1348.74
15/06/2019,,,-1
16/06/2019,,,-1
17/06/2019,1336.34,1341.72,1339.03
18/06/2019,1339.53,1344.91,1342.22
19/06/2019,1341.89,1347.57,1344.73
20/06/2019,1374.26,1379.82,1377.04
21/06/2019,1395.44,1401.06,1398.25
22/06/2019,,,-1
23/06/2019,,,-1
24/06/2019,1402.1,1407.45,1404.775
25/06/2019,1426,1431.55,1428.775
26/06/2019,1407.52,1412.87,1410.195
27/06/2019,1403.88,1409.5,1406.69
28/06/2019,1414.46,1419.92,1417.19
29/06/2019,,,-1
30/06/2019,,,-1
01/07/2019,1387.71,1393.21,1390.46
02/07/2019,1386.89,1392.44,1389.665
03/07/2019,1424.58,1430.3,1427.44
04/07/2019,1414.13,1419.61,1416.87
05/07/2019,1414.47,1420.08,1417.275
06/07/2019,,,-1
07/07/2019,,,-1
08/07/2019,1398.54,1403.96,1401.25
09/07/2019,1390.76,1396.31,1393.535
10/07/2019,1390.74,1396.2,1393.47
11/07/2019,1420.24,1425.67,1422.955
12/07/2019,1404.95,1410.42,1407.685
13/07/2019,,,-1
14/07/2019,,,-1
15/07/2019,1410.98,1416.47,1413.725
16/07/2019,1411.58,1417.08,1414.33
17/07/2019,1402.07,1407.8,1404.935
18/07/2019,1421.05,1426.53,1423.79
19/07/2019,1439.02,1444.53,1441.775
20/07/2019,,,-1
21/07/2019,,,-1
22/07/2019,1424.08,1429.53,1426.805
23/07/2019,1416.4,1421.95,1419.175
24/07/2019,1417.99,1423.44,1420.715
25/07/2019,1421.66,1426.96,1424.31
26/07/2019,1414.04,1419.39,1416.715
27/07/2019,,,-1
28/07/2019,,,-1
29/07/2019,1417.71,1423.17,1420.44
30/07/2019,1422.12,1427.52,1424.82
31/07/2019,1427.15,1432.57,1429.86
01/08/2019,1406.24,1411.62,1408.93
02/08/2019,1433.37,1438.89,1436.13
03/08/2019,,,-1
04/08/2019,,,-1
05/08/2019,1447.14,1452.69,1449.915
06/08/2019,1462.68,1468.11,1465.395
07/08/2019,1481.71,1487.26,1484.485
08/08/2019,1496.75,1502.18,1499.465
09/08/2019,1501.63,1507.08,1504.355
10/08/2019,,,-1
11/08/2019,,,-1
12/08/2019,1493.87,1499.33,1496.6
13/08/2019,1514.88,1520.29,1517.585
14/08/2019,1497.32,1502.77,1500.045
15/08/2019,1515.62,1521.26,1518.44
16/08/2019,1517.11,1522.65,1519.88
17/08/2019,,,-1
18/08/2019,,,-1
19/08/2019,1504.91,1510.56,1507.735
20/08/2019,1493.96,1499.61,1496.785
21/08/2019,1500.15,1505.66,1502.905
22/08/2019,1498.15,1503.66,1500.905
23/08/2019,1493.09,1498.57,1495.83
24/08/2019,,,-1
25/08/2019,,,-1
26/08/2019,1535.63,1541.2,1538.415
27/08/2019,1526.88,1532.42,1529.65
28/08/2019,1536.4,1541.8,1539.1
29/08/2019,1539.94,1545.55,1542.745
30/08/2019,1523.92,1529.47,1526.695
31/08/2019,,,-1
01/09/2019,,,-1
02/09/2019,1522.13,1527.74,1524.935
03/09/2019,1523.59,1529.25,1526.42
04/09/2019,1540.21,1545.77,1542.99
05/09/2019,1543.71,1549.24,1546.475
06/09/2019,1511.57,1516.93,1514.25
07/09/2019,,,-1
08/09/2019,,,-1
09/09/2019,1505.97,1511.49,1508.73
10/09/2019,1489.17,1494.77,1491.97
11/09/2019,1488.46,1494.14,1491.3
12/09/2019,1494.45,1500.04,1497.245
13/09/2019,1497.1,1502.87,1499.985
14/09/2019,,,-1
15/09/2019,,,-1
16/09/2019,1502.84,1508.32,1505.58
17/09/2019,1495.34,1500.9,1498.12
18/09/2019,1499.41,1504.9,1502.155
19/09/2019,1491.29,1496.75,1494.02
20/09/2019,1499.7,1505.13,1502.415
21/09/2019,,,-1
22/09/2019,,,-1
23/09/2019,1513.64,1519.12,1516.38
24/09/2019,1518.81,1524.29,1521.55
25/09/2019,1527.76,1533.31,1530.535
26/09/2019,1505.48,1511.09,1508.285
27/09/2019,1500.96,1506.39,1503.675
28/09/2019,,,-1
29/09/2019,,,-1
30/09/2019,1490.43,1495.96,1493.195
01/10/2019,1463.8,1469.32,1466.56
02/10/2019,1476.53,1481.95,1479.24
03/10/2019,1497.12,1502.55,1499.835
04/10/2019,1505.55,1510.94,1508.245
05/10/2019,,,-1
06/10/2019,,,-1
07/10/2019,1502.71,1508.17,1505.44
08/10/2019,1489.68,1495.18,1492.43
09/10/2019,1503.78,1509.35,1506.565
10/10/2019,1506.95,1512.45,1509.7
11/10/2019,1494.44,1499.94,1497.19
12/10/2019,,,-1
13/10/2019,,,-1
14/10/2019,1484.72,1490.15,1487.435
15/10/2019,1490.61,1495.97,1493.29
16/10/2019,1480.5,1485.99,1483.245
17/10/2019,1486.71,1492.25,1489.48
18/10/2019,1488.56,1494.03,1491.295
19/10/2019,,,-1
20/10/2019,,,-1
21/10/2019,1488,1493.48,1490.74
22/10/2019,1482.38,1487.81,1485.095
23/10/2019,1487.31,1492.83,1490.07
24/10/2019,1489.11,1494.57,1491.84
25/10/2019,1501.09,1506.51,1503.8
26/10/2019,,,-1
27/10/2019,,,-1
28/10/2019,1502.55,1507.96,1505.255
29/10/2019,1489.71,1495.03,1492.37
30/10/2019,1486.1,1491.58,1488.84
31/10/2019,1495.3,1500.74,1498.02
01/11/2019,1508.77,1514.18,1511.475
02/11/2019,,,-1
03/11/2019,,,-1
04/11/2019,1509.49,1514.92,1512.205
05/11/2019,1503.19,1508.71,1505.95
06/11/2019,1482.97,1488.4,1485.685
07/11/2019,1486.8,1492.23,1489.515
08/11/2019,1466.53,1472.08,1469.305
09/11/2019,,,-1
10/11/2019,,,-1
11/11/2019,1459.86,1465.19,1462.525
12/11/2019,1451.75,1457.14,1454.445
13/11/2019,1456.71,1462.08,1459.395
14/11/2019,1462.11,1467.59,1464.85
15/11/2019,1463.9,1469.31,1466.605
16/11/2019,,,-1
17/11/2019,,,-1
18/11/2019,1462.78,1468.22,1465.5
19/11/2019,1468.5,1473.9,1471.2
20/11/2019,1472.19,1477.55,1474.87
21/11/2019,1469.92,1475.4,1472.66
22/11/2019,1462.89,1468.31,1465.6
23/11/2019,,,-1
24/11/2019,,,-1
25/11/2019,1457.59,1463.04,1460.315
26/11/2019,1452.26,1457.58,1454.92
27/11/2019,1456.96,1462.48,1459.72
28/11/2019,1454,1459.35,1456.675
29/11/2019,1454.58,1459.95,1457.265
30/11/2019,,,-1
01/12/2019,,,-1
02/12/2019,1456.92,1462.31,1459.615
03/12/2019,1459.54,1464.94,1462.24
04/12/2019,1476.67,1482.14,1479.405
05/12/2019,1473.08,1478.46,1475.77
06/12/2019,1472.54,1477.94,1475.24
07/12/2019,,,-1
08/12/2019,,,-1
09/12/2019,1458.07,1463.55,1460.81
10/12/2019,1458.92,1464.45,1461.685
11/12/2019,1461.62,1467.02,1464.32
12/12/2019,1471.85,1477.29,1474.57
13/12/2019,1465.65,1471.15,1468.4
14/12/2019,,,-1
15/12/2019,,,-1
16/12/2019,1472.71,1478.11,1475.41
17/12/2019,1473.7,1479.24,1476.47
18/12/2019,1473.97,1479.45,1476.71
19/12/2019,1473.51,1478.88,1476.195
20/12/2019,1475.98,1481.38,1478.68
21/12/2019,,,-1
22/12/2019,,,-1
23/12/2019,1478.44,1484.05,1481.245
24/12/2019,1485.73,1491.17,1488.45
25/12/2019,1496.21,1502.84,1499.525
26/12/2019,1499.29,1504.97,1502.13
27/12/2019,1508.14,1513.71,1510.925
28/12/2019,,,-1
29/12/2019,,,-1
30/12/2019,1511.46,1516.87,1514.165
31/12/2019,1518.35,1523.77,1521.06
